"filename", "language", "Dart", "XML", "YAML", "Markdown", "Swift", "C++", "JSON", "Groovy", "Properties", "Java", "HTML", "comment", "blank", "total"
"/home/mmd/projects/flutter/Farahosh/README.md", "Markdown", 0, 0, 0, 10, 0, 0, 0, 0, 0, 0, 0, 0, 7, 17
"/home/mmd/projects/flutter/Farahosh/analysis_options.yaml", "YAML", 0, 0, 3, 0, 0, 0, 0, 0, 0, 0, 0, 23, 4, 30
"/home/mmd/projects/flutter/Farahosh/android/app/build.gradle", "Groovy", 0, 0, 0, 0, 0, 0, 0, 54, 0, 0, 0, 5, 13, 72
"/home/mmd/projects/flutter/Farahosh/android/app/src/debug/AndroidManifest.xml", "XML", 0, 4, 0, 0, 0, 0, 0, 0, 0, 0, 0, 4, 1, 9
"/home/mmd/projects/flutter/Farahosh/android/app/src/main/AndroidManifest.xml", "XML", 0, 29, 0, 0, 0, 0, 0, 0, 0, 0, 0, 6, 2, 37
"/home/mmd/projects/flutter/Farahosh/android/app/src/main/java/io/flutter/app/FlutterMultiDexApplication.java", "Java", 0, 0, 0, 0, 0, 0, 0, 0, 0, 13, 0, 9, 4, 26
"/home/mmd/projects/flutter/Farahosh/android/app/src/main/res/drawable-v21/launch_background.xml", "XML", 0, 4, 0, 0, 0, 0, 0, 0, 0, 0, 0, 7, 2, 13
"/home/mmd/projects/flutter/Farahosh/android/app/src/main/res/drawable/launch_background.xml", "XML", 0, 4, 0, 0, 0, 0, 0, 0, 0, 0, 0, 7, 2, 13
"/home/mmd/projects/flutter/Farahosh/android/app/src/main/res/values-night/styles.xml", "XML", 0, 9, 0, 0, 0, 0, 0, 0, 0, 0, 0, 9, 1, 19
"/home/mmd/projects/flutter/Farahosh/android/app/src/main/res/values/styles.xml", "XML", 0, 9, 0, 0, 0, 0, 0, 0, 0, 0, 0, 9, 1, 19
"/home/mmd/projects/flutter/Farahosh/android/app/src/profile/AndroidManifest.xml", "XML", 0, 4, 0, 0, 0, 0, 0, 0, 0, 0, 0, 4, 1, 9
"/home/mmd/projects/flutter/Farahosh/android/build.gradle", "Groovy", 0, 0, 0, 0, 0, 0, 0, 27, 0, 0, 0, 0, 5, 32
"/home/mmd/projects/flutter/Farahosh/android/gradle.properties", "Properties", 0, 0, 0, 0, 0, 0, 0, 0, 3, 0, 0, 0, 1, 4
"/home/mmd/projects/flutter/Farahosh/android/gradle/wrapper/gradle-wrapper.properties", "Properties", 0, 0, 0, 0, 0, 0, 0, 0, 5, 0, 0, 0, 1, 6
"/home/mmd/projects/flutter/Farahosh/android/settings.gradle", "Groovy", 0, 0, 0, 0, 0, 0, 0, 8, 0, 0, 0, 0, 4, 12
"/home/mmd/projects/flutter/Farahosh/assets/images/svg/FarahoshLogoBlue.svg", "XML", 0, 27, 0, 0, 0, 0, 0, 0, 0, 0, 0, 0, 1, 28
"/home/mmd/projects/flutter/Farahosh/assets/images/svg/Moon.svg", "XML", 0, 9, 0, 0, 0, 0, 0, 0, 0, 0, 0, 0, 1, 10
"/home/mmd/projects/flutter/Farahosh/assets/images/svg/NoteBookRed.svg", "XML", 0, 9, 0, 0, 0, 0, 0, 0, 0, 0, 0, 0, 1, 10
"/home/mmd/projects/flutter/Farahosh/assets/images/svg/Polygon 1 (1).svg", "XML", 0, 3, 0, 0, 0, 0, 0, 0, 0, 0, 0, 0, 1, 4
"/home/mmd/projects/flutter/Farahosh/assets/images/svg/SafeBox.svg", "XML", 0, 9, 0, 0, 0, 0, 0, 0, 0, 0, 0, 0, 1, 10
"/home/mmd/projects/flutter/Farahosh/assets/images/svg/Star 10.svg", "XML", 0, 3, 0, 0, 0, 0, 0, 0, 0, 0, 0, 0, 1, 4
"/home/mmd/projects/flutter/Farahosh/assets/images/svg/Star 11.svg", "XML", 0, 3, 0, 0, 0, 0, 0, 0, 0, 0, 0, 0, 1, 4
"/home/mmd/projects/flutter/Farahosh/assets/images/svg/Sun.svg", "XML", 0, 9, 0, 0, 0, 0, 0, 0, 0, 0, 0, 0, 1, 10
"/home/mmd/projects/flutter/Farahosh/assets/images/svg/addWallet.svg", "XML", 0, 9, 0, 0, 0, 0, 0, 0, 0, 0, 0, 0, 1, 10
"/home/mmd/projects/flutter/Farahosh/assets/images/svg/arroeLeftWhite.svg", "XML", 0, 3, 0, 0, 0, 0, 0, 0, 0, 0, 0, 0, 1, 4
"/home/mmd/projects/flutter/Farahosh/assets/images/svg/arrowBack.svg", "XML", 0, 3, 0, 0, 0, 0, 0, 0, 0, 0, 0, 0, 1, 4
"/home/mmd/projects/flutter/Farahosh/assets/images/svg/arrowRight.svg", "XML", 0, 3, 0, 0, 0, 0, 0, 0, 0, 0, 0, 0, 1, 4
"/home/mmd/projects/flutter/Farahosh/assets/images/svg/arrowTop.svg", "XML", 0, 3, 0, 0, 0, 0, 0, 0, 0, 0, 0, 0, 1, 4
"/home/mmd/projects/flutter/Farahosh/assets/images/svg/arrow_left.svg", "XML", 0, 5, 0, 0, 0, 0, 0, 0, 0, 0, 0, 0, 1, 6
"/home/mmd/projects/flutter/Farahosh/assets/images/svg/back.svg", "XML", 0, 3, 0, 0, 0, 0, 0, 0, 0, 0, 0, 0, 1, 4
"/home/mmd/projects/flutter/Farahosh/assets/images/svg/btn_download.svg", "XML", 0, 3, 0, 0, 0, 0, 0, 0, 0, 0, 0, 0, 1, 4
"/home/mmd/projects/flutter/Farahosh/assets/images/svg/changeWallet.svg", "XML", 0, 10, 0, 0, 0, 0, 0, 0, 0, 0, 0, 0, 1, 11
"/home/mmd/projects/flutter/Farahosh/assets/images/svg/circleYellow.svg", "XML", 0, 25, 0, 0, 0, 0, 0, 0, 0, 0, 0, 0, 2, 27
"/home/mmd/projects/flutter/Farahosh/assets/images/svg/clan.svg", "XML", 0, 10, 0, 0, 0, 0, 0, 0, 0, 0, 0, 0, 1, 11
"/home/mmd/projects/flutter/Farahosh/assets/images/svg/edit.svg", "XML", 0, 4, 0, 0, 0, 0, 0, 0, 0, 0, 0, 0, 1, 5
"/home/mmd/projects/flutter/Farahosh/assets/images/svg/favorite.svg", "XML", 0, 4, 0, 0, 0, 0, 0, 0, 0, 0, 0, 0, 1, 5
"/home/mmd/projects/flutter/Farahosh/assets/images/svg/hart.svg", "XML", 0, 3, 0, 0, 0, 0, 0, 0, 0, 0, 0, 0, 1, 4
"/home/mmd/projects/flutter/Farahosh/assets/images/svg/indicator.svg", "XML", 0, 17, 0, 0, 0, 0, 0, 0, 0, 0, 0, 0, 1, 18
"/home/mmd/projects/flutter/Farahosh/assets/images/svg/line_buttonshet.svg", "XML", 0, 3, 0, 0, 0, 0, 0, 0, 0, 0, 0, 0, 1, 4
"/home/mmd/projects/flutter/Farahosh/assets/images/svg/menu.svg", "XML", 0, 5, 0, 0, 0, 0, 0, 0, 0, 0, 0, 0, 1, 6
"/home/mmd/projects/flutter/Farahosh/assets/images/svg/microphone.svg", "XML", 0, 3, 0, 0, 0, 0, 0, 0, 0, 0, 0, 0, 1, 4
"/home/mmd/projects/flutter/Farahosh/assets/images/svg/minimiz.svg", "XML", 0, 4, 0, 0, 0, 0, 0, 0, 0, 0, 0, 0, 1, 5
"/home/mmd/projects/flutter/Farahosh/assets/images/svg/music.svg", "XML", 0, 9, 0, 0, 0, 0, 0, 0, 0, 0, 0, 0, 1, 10
"/home/mmd/projects/flutter/Farahosh/assets/images/svg/musicPlayImage.svg", "XML", 0, 9, 0, 0, 0, 0, 0, 0, 0, 0, 0, 0, 1, 10
"/home/mmd/projects/flutter/Farahosh/assets/images/svg/nav-empty.svg", "XML", 0, 19, 0, 0, 0, 0, 0, 0, 0, 0, 0, 0, 1, 20
"/home/mmd/projects/flutter/Farahosh/assets/images/svg/new.svg", "XML", 0, 3, 0, 0, 0, 0, 0, 0, 0, 0, 0, 0, 1, 4
"/home/mmd/projects/flutter/Farahosh/assets/images/svg/next.svg", "XML", 0, 3, 0, 0, 0, 0, 0, 0, 0, 0, 0, 0, 1, 4
"/home/mmd/projects/flutter/Farahosh/assets/images/svg/playpod.svg", "XML", 0, 3, 0, 0, 0, 0, 0, 0, 0, 0, 0, 0, 1, 4
"/home/mmd/projects/flutter/Farahosh/assets/images/svg/plus.svg", "XML", 0, 4, 0, 0, 0, 0, 0, 0, 0, 0, 0, 0, 1, 5
"/home/mmd/projects/flutter/Farahosh/assets/images/svg/plusBig.svg", "XML", 0, 4, 0, 0, 0, 0, 0, 0, 0, 0, 0, 0, 1, 5
"/home/mmd/projects/flutter/Farahosh/assets/images/svg/receipt.svg", "XML", 0, 7, 0, 0, 0, 0, 0, 0, 0, 0, 0, 0, 1, 8
"/home/mmd/projects/flutter/Farahosh/assets/images/svg/schoolClass.svg", "XML", 0, 9, 0, 0, 0, 0, 0, 0, 0, 0, 0, 0, 1, 10
"/home/mmd/projects/flutter/Farahosh/assets/images/svg/seen.svg", "XML", 0, 3, 0, 0, 0, 0, 0, 0, 0, 0, 0, 0, 1, 4
"/home/mmd/projects/flutter/Farahosh/assets/images/svg/send.svg", "XML", 0, 3, 0, 0, 0, 0, 0, 0, 0, 0, 0, 0, 1, 4
"/home/mmd/projects/flutter/Farahosh/assets/images/svg/serche.svg", "XML", 0, 3, 0, 0, 0, 0, 0, 0, 0, 0, 0, 0, 1, 4
"/home/mmd/projects/flutter/Farahosh/assets/images/svg/share.svg", "XML", 0, 8, 0, 0, 0, 0, 0, 0, 0, 0, 0, 0, 1, 9
"/home/mmd/projects/flutter/Farahosh/assets/images/svg/sort.svg", "XML", 0, 7, 0, 0, 0, 0, 0, 0, 0, 0, 0, 0, 1, 8
"/home/mmd/projects/flutter/Farahosh/assets/images/svg/sort2.svg", "XML", 0, 5, 0, 0, 0, 0, 0, 0, 0, 0, 0, 0, 1, 6
"/home/mmd/projects/flutter/Farahosh/images/Ellipse 14.svg", "XML", 0, 9, 0, 0, 0, 0, 0, 0, 0, 0, 0, 0, 1, 10
"/home/mmd/projects/flutter/Farahosh/images/Graduation 1.svg", "XML", 0, 9, 0, 0, 0, 0, 0, 0, 0, 0, 0, 0, 1, 10
"/home/mmd/projects/flutter/Farahosh/images/Play.svg", "XML", 0, 3, 0, 0, 0, 0, 0, 0, 0, 0, 0, 0, 1, 4
"/home/mmd/projects/flutter/Farahosh/images/Polygon 1.svg", "XML", 0, 3, 0, 0, 0, 0, 0, 0, 0, 0, 0, 0, 1, 4
"/home/mmd/projects/flutter/Farahosh/images/Rectangle 160.svg", "XML", 0, 9, 0, 0, 0, 0, 0, 0, 0, 0, 0, 0, 1, 10
"/home/mmd/projects/flutter/Farahosh/images/Right.svg", "XML", 0, 3, 0, 0, 0, 0, 0, 0, 0, 0, 0, 0, 1, 4
"/home/mmd/projects/flutter/Farahosh/images/Star 10.svg", "XML", 0, 3, 0, 0, 0, 0, 0, 0, 0, 0, 0, 0, 1, 4
"/home/mmd/projects/flutter/Farahosh/images/Star 11.svg", "XML", 0, 3, 0, 0, 0, 0, 0, 0, 0, 0, 0, 0, 1, 4
"/home/mmd/projects/flutter/Farahosh/images/back.svg", "XML", 0, 3, 0, 0, 0, 0, 0, 0, 0, 0, 0, 0, 1, 4
"/home/mmd/projects/flutter/Farahosh/images/businessman-taking-interview.svg", "XML", 0, 9, 0, 0, 0, 0, 0, 0, 0, 0, 0, 0, 1, 10
"/home/mmd/projects/flutter/Farahosh/images/businessman-taking.svg", "XML", 0, 9, 0, 0, 0, 0, 0, 0, 0, 0, 0, 0, 1, 10
"/home/mmd/projects/flutter/Farahosh/images/businessman.svg", "XML", 0, 9, 0, 0, 0, 0, 0, 0, 0, 0, 0, 0, 1, 10
"/home/mmd/projects/flutter/Farahosh/images/donwload.svg", "XML", 0, 3, 0, 0, 0, 0, 0, 0, 0, 0, 0, 0, 1, 4
"/home/mmd/projects/flutter/Farahosh/images/dropdwon.svg", "XML", 0, 3, 0, 0, 0, 0, 0, 0, 0, 0, 0, 0, 1, 4
"/home/mmd/projects/flutter/Farahosh/images/false.svg", "XML", 0, 3, 0, 0, 0, 0, 0, 0, 0, 0, 0, 0, 1, 4
"/home/mmd/projects/flutter/Farahosh/images/favorite.svg", "XML", 0, 4, 0, 0, 0, 0, 0, 0, 0, 0, 0, 0, 1, 5
"/home/mmd/projects/flutter/Farahosh/images/left_t.svg", "XML", 0, 3, 0, 0, 0, 0, 0, 0, 0, 0, 0, 0, 1, 4
"/home/mmd/projects/flutter/Farahosh/images/man.svg", "XML", 0, 28, 0, 0, 0, 0, 0, 0, 0, 0, 0, 0, 1, 29
"/home/mmd/projects/flutter/Farahosh/images/microphone.svg", "XML", 0, 3, 0, 0, 0, 0, 0, 0, 0, 0, 0, 0, 1, 4
"/home/mmd/projects/flutter/Farahosh/images/music.svg", "XML", 0, 9, 0, 0, 0, 0, 0, 0, 0, 0, 0, 0, 1, 10
"/home/mmd/projects/flutter/Farahosh/images/music_playlist.svg", "XML", 0, 9, 0, 0, 0, 0, 0, 0, 0, 0, 0, 0, 1, 10
"/home/mmd/projects/flutter/Farahosh/images/new.svg", "XML", 0, 3, 0, 0, 0, 0, 0, 0, 0, 0, 0, 0, 1, 4
"/home/mmd/projects/flutter/Farahosh/images/next.svg", "XML", 0, 3, 0, 0, 0, 0, 0, 0, 0, 0, 0, 0, 1, 4
"/home/mmd/projects/flutter/Farahosh/images/playliner.svg", "XML", 0, 3, 0, 0, 0, 0, 0, 0, 0, 0, 0, 0, 1, 4
"/home/mmd/projects/flutter/Farahosh/images/playp.svg", "XML", 0, 43, 0, 0, 0, 0, 0, 0, 0, 0, 0, 0, 1, 44
"/home/mmd/projects/flutter/Farahosh/images/podcastman.svg", "XML", 0, 28, 0, 0, 0, 0, 0, 0, 0, 0, 0, 0, 1, 29
"/home/mmd/projects/flutter/Farahosh/images/right_t.svg", "XML", 0, 3, 0, 0, 0, 0, 0, 0, 0, 0, 0, 0, 1, 4
"/home/mmd/projects/flutter/Farahosh/images/send.svg", "XML", 0, 3, 0, 0, 0, 0, 0, 0, 0, 0, 0, 0, 1, 4
"/home/mmd/projects/flutter/Farahosh/images/serche.svg", "XML", 0, 3, 0, 0, 0, 0, 0, 0, 0, 0, 0, 0, 1, 4
"/home/mmd/projects/flutter/Farahosh/images/sort.svg", "XML", 0, 7, 0, 0, 0, 0, 0, 0, 0, 0, 0, 0, 1, 8
"/home/mmd/projects/flutter/Farahosh/images/student.svg", "XML", 0, 8, 0, 0, 0, 0, 0, 0, 0, 0, 0, 0, 2, 10
"/home/mmd/projects/flutter/Farahosh/images/true.svg", "XML", 0, 3, 0, 0, 0, 0, 0, 0, 0, 0, 0, 0, 1, 4
"/home/mmd/projects/flutter/Farahosh/images/west.svg", "XML", 0, 3, 0, 0, 0, 0, 0, 0, 0, 0, 0, 0, 1, 4
"/home/mmd/projects/flutter/Farahosh/ios/Runner/AppDelegate.swift", "Swift", 0, 0, 0, 0, 12, 0, 0, 0, 0, 0, 0, 0, 2, 14
"/home/mmd/projects/flutter/Farahosh/ios/Runner/Assets.xcassets/AppIcon.appiconset/Contents.json", "JSON", 0, 0, 0, 0, 0, 0, 122, 0, 0, 0, 0, 0, 1, 123
"/home/mmd/projects/flutter/Farahosh/ios/Runner/Assets.xcassets/LaunchImage.imageset/Contents.json", "JSON", 0, 0, 0, 0, 0, 0, 23, 0, 0, 0, 0, 0, 1, 24
"/home/mmd/projects/flutter/Farahosh/ios/Runner/Assets.xcassets/LaunchImage.imageset/README.md", "Markdown", 0, 0, 0, 3, 0, 0, 0, 0, 0, 0, 0, 0, 2, 5
"/home/mmd/projects/flutter/Farahosh/ios/Runner/Base.lproj/LaunchScreen.storyboard", "XML", 0, 36, 0, 0, 0, 0, 0, 0, 0, 0, 0, 1, 1, 38
"/home/mmd/projects/flutter/Farahosh/ios/Runner/Base.lproj/Main.storyboard", "XML", 0, 25, 0, 0, 0, 0, 0, 0, 0, 0, 0, 1, 1, 27
"/home/mmd/projects/flutter/Farahosh/ios/Runner/Runner-Bridging-Header.h", "C++", 0, 0, 0, 0, 0, 1, 0, 0, 0, 0, 0, 0, 1, 2
"/home/mmd/projects/flutter/Farahosh/lib/app/api.dart", "Dart", 44, 0, 0, 0, 0, 0, 0, 0, 0, 0, 0, 0, 14, 58
"/home/mmd/projects/flutter/Farahosh/lib/app/presentation/blocs/calculator/calculator_cubit.dart", "Dart", 45, 0, 0, 0, 0, 0, 0, 0, 0, 0, 0, 32, 11, 88
"/home/mmd/projects/flutter/Farahosh/lib/app/presentation/blocs/calculator/calculator_state.dart", "Dart", 19, 0, 0, 0, 0, 0, 0, 0, 0, 0, 0, 0, 6, 25
"/home/mmd/projects/flutter/Farahosh/lib/app/presentation/blocs/calendar/calendar_cubit.dart", "Dart", 36, 0, 0, 0, 0, 0, 0, 0, 0, 0, 0, 0, 8, 44
"/home/mmd/projects/flutter/Farahosh/lib/app/presentation/blocs/calendar/calendar_state.dart", "Dart", 15, 0, 0, 0, 0, 0, 0, 0, 0, 0, 0, 0, 4, 19
"/home/mmd/projects/flutter/Farahosh/lib/app/presentation/blocs/chronometer/chronometer_cubit.dart", "Dart", 38, 0, 0, 0, 0, 0, 0, 0, 0, 0, 0, 0, 7, 45
"/home/mmd/projects/flutter/Farahosh/lib/app/presentation/blocs/chronometer/chronometer_state.dart", "Dart", 26, 0, 0, 0, 0, 0, 0, 0, 0, 0, 0, 0, 8, 34
"/home/mmd/projects/flutter/Farahosh/lib/app/presentation/blocs/faracoin/faracoin_cubit.dart", "Dart", 18, 0, 0, 0, 0, 0, 0, 0, 0, 0, 0, 0, 5, 23
"/home/mmd/projects/flutter/Farahosh/lib/app/presentation/blocs/faracoin/faracoin_state.dart", "Dart", 12, 0, 0, 0, 0, 0, 0, 0, 0, 0, 0, 0, 6, 18
"/home/mmd/projects/flutter/Farahosh/lib/app/presentation/blocs/faracoin_guide/faracoin_guide_cubit.dart", "Dart", 17, 0, 0, 0, 0, 0, 0, 0, 0, 0, 0, 0, 4, 21
"/home/mmd/projects/flutter/Farahosh/lib/app/presentation/blocs/faracoin_guide/faracoin_guide_state.dart", "Dart", 10, 0, 0, 0, 0, 0, 0, 0, 0, 0, 0, 0, 6, 16
"/home/mmd/projects/flutter/Farahosh/lib/app/presentation/blocs/login/login_cubit.dart", "Dart", 63, 0, 0, 0, 0, 0, 0, 0, 0, 0, 0, 2, 6, 71
"/home/mmd/projects/flutter/Farahosh/lib/app/presentation/blocs/login/login_state.dart", "Dart", 15, 0, 0, 0, 0, 0, 0, 0, 0, 0, 0, 0, 5, 20
"/home/mmd/projects/flutter/Farahosh/lib/app/presentation/blocs/navbar/navbar_cubit.dart", "Dart", 21, 0, 0, 0, 0, 0, 0, 0, 0, 0, 0, 0, 6, 27
"/home/mmd/projects/flutter/Farahosh/lib/app/presentation/blocs/navbar/navbar_state.dart", "Dart", 12, 0, 0, 0, 0, 0, 0, 0, 0, 0, 0, 0, 4, 16
"/home/mmd/projects/flutter/Farahosh/lib/app/presentation/blocs/new_ticket/new_ticket_cubit.dart", "Dart", 13, 0, 0, 0, 0, 0, 0, 0, 0, 0, 0, 0, 5, 18
"/home/mmd/projects/flutter/Farahosh/lib/app/presentation/blocs/new_ticket/new_ticket_state.dart", "Dart", 10, 0, 0, 0, 0, 0, 0, 0, 0, 0, 0, 0, 4, 14
"/home/mmd/projects/flutter/Farahosh/lib/app/presentation/blocs/settings/settings_cubit.dart", "Dart", 81, 0, 0, 0, 0, 0, 0, 0, 0, 0, 0, 1, 14, 96
"/home/mmd/projects/flutter/Farahosh/lib/app/presentation/blocs/settings/settings_state.dart", "Dart", 52, 0, 0, 0, 0, 0, 0, 0, 0, 0, 0, 0, 6, 58
"/home/mmd/projects/flutter/Farahosh/lib/app/presentation/blocs/signup/signup_cubit.dart", "Dart", 24, 0, 0, 0, 0, 0, 0, 0, 0, 0, 0, 1, 5, 30
"/home/mmd/projects/flutter/Farahosh/lib/app/presentation/blocs/signup/signup_state.dart", "Dart", 5, 0, 0, 0, 0, 0, 0, 0, 0, 0, 0, 0, 4, 9
"/home/mmd/projects/flutter/Farahosh/lib/app/presentation/blocs/splash/splash_cubit.dart", "Dart", 71, 0, 0, 0, 0, 0, 0, 0, 0, 0, 0, 0, 7, 78
"/home/mmd/projects/flutter/Farahosh/lib/app/presentation/blocs/splash/splash_state.dart", "Dart", 5, 0, 0, 0, 0, 0, 0, 0, 0, 0, 0, 0, 4, 9
"/home/mmd/projects/flutter/Farahosh/lib/app/presentation/blocs/ticket/ticket_cubit.dart", "Dart", 34, 0, 0, 0, 0, 0, 0, 0, 0, 0, 0, 0, 9, 43
"/home/mmd/projects/flutter/Farahosh/lib/app/presentation/blocs/ticket/ticket_state.dart", "Dart", 10, 0, 0, 0, 0, 0, 0, 0, 0, 0, 0, 0, 6, 16
"/home/mmd/projects/flutter/Farahosh/lib/app/presentation/blocs/transactions/transactions_cubit.dart", "Dart", 40, 0, 0, 0, 0, 0, 0, 0, 0, 0, 0, 0, 9, 49
"/home/mmd/projects/flutter/Farahosh/lib/app/presentation/blocs/transactions/transactions_state.dart", "Dart", 16, 0, 0, 0, 0, 0, 0, 0, 0, 0, 0, 0, 5, 21
"/home/mmd/projects/flutter/Farahosh/lib/app/presentation/blocs/user/user_cubit.dart", "Dart", 18, 0, 0, 0, 0, 0, 0, 0, 0, 0, 0, 0, 5, 23
"/home/mmd/projects/flutter/Farahosh/lib/app/presentation/blocs/user/user_state.dart", "Dart", 26, 0, 0, 0, 0, 0, 0, 0, 0, 0, 0, 0, 5, 31
"/home/mmd/projects/flutter/Farahosh/lib/app/presentation/blocs/utils.dart", "Dart", 24, 0, 0, 0, 0, 0, 0, 0, 0, 0, 0, 0, 4, 28
"/home/mmd/projects/flutter/Farahosh/lib/app/presentation/blocs/verify/verify_cubit.dart", "Dart", 7, 0, 0, 0, 0, 0, 0, 0, 0, 0, 0, 0, 4, 11
"/home/mmd/projects/flutter/Farahosh/lib/app/presentation/blocs/verify/verify_state.dart", "Dart", 12, 0, 0, 0, 0, 0, 0, 0, 0, 0, 0, 0, 4, 16
"/home/mmd/projects/flutter/Farahosh/lib/app/presentation/blocs/wallet/wallet_cubit.dart", "Dart", 17, 0, 0, 0, 0, 0, 0, 0, 0, 0, 0, 0, 4, 21
"/home/mmd/projects/flutter/Farahosh/lib/app/presentation/blocs/wallet/wallet_state.dart", "Dart", 12, 0, 0, 0, 0, 0, 0, 0, 0, 0, 0, 0, 6, 18
"/home/mmd/projects/flutter/Farahosh/lib/app/presentation/class/clippath.dart", "Dart", 37, 0, 0, 0, 0, 0, 0, 0, 0, 0, 0, 0, 11, 48
"/home/mmd/projects/flutter/Farahosh/lib/app/presentation/data.dart", "Dart", 50, 0, 0, 0, 0, 0, 0, 0, 0, 0, 0, 13, 4, 67
"/home/mmd/projects/flutter/Farahosh/lib/app/presentation/modules/const/datacolors.dart", "Dart", 87, 0, 0, 0, 0, 0, 0, 0, 0, 0, 0, 1, 7, 95
"/home/mmd/projects/flutter/Farahosh/lib/app/presentation/modules/const/font.dart", "Dart", 4, 0, 0, 0, 0, 0, 0, 0, 0, 0, 0, 0, 0, 4
"/home/mmd/projects/flutter/Farahosh/lib/app/presentation/modules/const/routepage.dart", "Dart", 111, 0, 0, 0, 0, 0, 0, 0, 0, 0, 0, 7, 14, 132
"/home/mmd/projects/flutter/Farahosh/lib/app/presentation/modules/const/urlimages.dart", "Dart", 116, 0, 0, 0, 0, 0, 0, 0, 0, 0, 0, 21, 17, 154
"/home/mmd/projects/flutter/Farahosh/lib/app/presentation/modules/encryption.dart", "Dart", 82, 0, 0, 0, 0, 0, 0, 0, 0, 0, 0, 0, 19, 101
"/home/mmd/projects/flutter/Farahosh/lib/app/presentation/modules/extensions/edageinsets.dart", "Dart", 14, 0, 0, 0, 0, 0, 0, 0, 0, 0, 0, 0, 2, 16
"/home/mmd/projects/flutter/Farahosh/lib/app/presentation/modules/extensions/strings.dart", "Dart", 26, 0, 0, 0, 0, 0, 0, 0, 0, 0, 0, 1, 5, 32
"/home/mmd/projects/flutter/Farahosh/lib/app/presentation/modules/extensions/widgets.dart", "Dart", 408, 0, 0, 0, 0, 0, 0, 0, 0, 0, 0, 0, 26, 434
"/home/mmd/projects/flutter/Farahosh/lib/app/presentation/modules/widgets/CustomTabbar.dart", "Dart", 71, 0, 0, 0, 0, 0, 0, 0, 0, 0, 0, 1, 10, 82
"/home/mmd/projects/flutter/Farahosh/lib/app/presentation/modules/widgets/Schedule_page/planeMySchedule.dart", "Dart", 87, 0, 0, 0, 0, 0, 0, 0, 0, 0, 0, 0, 2, 89
"/home/mmd/projects/flutter/Farahosh/lib/app/presentation/modules/widgets/alertdialogcustomerreciver.dart", "Dart", 139, 0, 0, 0, 0, 0, 0, 0, 0, 0, 0, 1, 8, 148
"/home/mmd/projects/flutter/Farahosh/lib/app/presentation/modules/widgets/alertdialoggetcode.dart", "Dart", 66, 0, 0, 0, 0, 0, 0, 0, 0, 0, 0, 4, 3, 73
"/home/mmd/projects/flutter/Farahosh/lib/app/presentation/modules/widgets/appBar/appbar.dart", "Dart", 38, 0, 0, 0, 0, 0, 0, 0, 0, 0, 0, 0, 6, 44
"/home/mmd/projects/flutter/Farahosh/lib/app/presentation/modules/widgets/barChart.dart", "Dart", 185, 0, 0, 0, 0, 0, 0, 0, 0, 0, 0, 0, 10, 195
"/home/mmd/projects/flutter/Farahosh/lib/app/presentation/modules/widgets/boxes/InfoConsultantBox.dart", "Dart", 177, 0, 0, 0, 0, 0, 0, 0, 0, 0, 0, 0, 4, 181
"/home/mmd/projects/flutter/Farahosh/lib/app/presentation/modules/widgets/boxes/bigWhiteBox.dart", "Dart", 42, 0, 0, 0, 0, 0, 0, 0, 0, 0, 0, 0, 7, 49
"/home/mmd/projects/flutter/Farahosh/lib/app/presentation/modules/widgets/boxes/bluBoxOneTex.dart", "Dart", 53, 0, 0, 0, 0, 0, 0, 0, 0, 0, 0, 1, 5, 59
"/home/mmd/projects/flutter/Farahosh/lib/app/presentation/modules/widgets/boxes/bluBoxTwoText.dart", "Dart", 63, 0, 0, 0, 0, 0, 0, 0, 0, 0, 0, 1, 6, 70
"/home/mmd/projects/flutter/Farahosh/lib/app/presentation/modules/widgets/boxes/consultantResearveBox.dart", "Dart", 70, 0, 0, 0, 0, 0, 0, 0, 0, 0, 0, 2, 5, 77
"/home/mmd/projects/flutter/Farahosh/lib/app/presentation/modules/widgets/boxes/courseGradesBox.dart", "Dart", 88, 0, 0, 0, 0, 0, 0, 0, 0, 0, 0, 0, 4, 92
"/home/mmd/projects/flutter/Farahosh/lib/app/presentation/modules/widgets/boxes/courseInformationBox.dart", "Dart", 82, 0, 0, 0, 0, 0, 0, 0, 0, 0, 0, 0, 3, 85
"/home/mmd/projects/flutter/Farahosh/lib/app/presentation/modules/widgets/boxes/detailsBox.dart", "Dart", 107, 0, 0, 0, 0, 0, 0, 0, 0, 0, 0, 0, 6, 113
"/home/mmd/projects/flutter/Farahosh/lib/app/presentation/modules/widgets/boxes/differentColorBox.dart", "Dart", 60, 0, 0, 0, 0, 0, 0, 0, 0, 0, 0, 0, 4, 64
"/home/mmd/projects/flutter/Farahosh/lib/app/presentation/modules/widgets/boxes/disciplineBox.dart", "Dart", 103, 0, 0, 0, 0, 0, 0, 0, 0, 0, 0, 1, 4, 108
"/home/mmd/projects/flutter/Farahosh/lib/app/presentation/modules/widgets/boxes/informationBox.dart", "Dart", 90, 0, 0, 0, 0, 0, 0, 0, 0, 0, 0, 6, 5, 101
"/home/mmd/projects/flutter/Farahosh/lib/app/presentation/modules/widgets/boxes/notficationBox.dart", "Dart", 90, 0, 0, 0, 0, 0, 0, 0, 0, 0, 0, 0, 3, 93
"/home/mmd/projects/flutter/Farahosh/lib/app/presentation/modules/widgets/boxes/profileCoin3WhiteBox.dart", "Dart", 55, 0, 0, 0, 0, 0, 0, 0, 0, 0, 0, 0, 3, 58
"/home/mmd/projects/flutter/Farahosh/lib/app/presentation/modules/widgets/boxes/testsDoneBox.dart", "Dart", 75, 0, 0, 0, 0, 0, 0, 0, 0, 0, 0, 0, 3, 78
"/home/mmd/projects/flutter/Farahosh/lib/app/presentation/modules/widgets/boxes/videoBox.dart", "Dart", 54, 0, 0, 0, 0, 0, 0, 0, 0, 0, 0, 1, 5, 60
"/home/mmd/projects/flutter/Farahosh/lib/app/presentation/modules/widgets/boxes/whiteBox.dart", "Dart", 35, 0, 0, 0, 0, 0, 0, 0, 0, 0, 0, 0, 5, 40
"/home/mmd/projects/flutter/Farahosh/lib/app/presentation/modules/widgets/boxes/widgetExamCalender.dart", "Dart", 26, 0, 0, 0, 0, 0, 0, 0, 0, 0, 0, 0, 1, 27
"/home/mmd/projects/flutter/Farahosh/lib/app/presentation/modules/widgets/buttons/btn_previous.dart", "Dart", 46, 0, 0, 0, 0, 0, 0, 0, 0, 0, 0, 0, 2, 48
"/home/mmd/projects/flutter/Farahosh/lib/app/presentation/modules/widgets/buttons/buttonBlu.dart", "Dart", 25, 0, 0, 0, 0, 0, 0, 0, 0, 0, 0, 0, 4, 29
"/home/mmd/projects/flutter/Farahosh/lib/app/presentation/modules/widgets/buttons/buttonDownloadOrShare.dart", "Dart", 41, 0, 0, 0, 0, 0, 0, 0, 0, 0, 0, 0, 5, 46
"/home/mmd/projects/flutter/Farahosh/lib/app/presentation/modules/widgets/buttons/buttonWidget.dart", "Dart", 37, 0, 0, 0, 0, 0, 0, 0, 0, 0, 0, 0, 4, 41
"/home/mmd/projects/flutter/Farahosh/lib/app/presentation/modules/widgets/buttons/calculatorButton.dart", "Dart", 60, 0, 0, 0, 0, 0, 0, 0, 0, 0, 0, 1, 3, 64
"/home/mmd/projects/flutter/Farahosh/lib/app/presentation/modules/widgets/buttons/nextButtonOnBoarding.dart", "Dart", 22, 0, 0, 0, 0, 0, 0, 0, 0, 0, 0, 0, 3, 25
"/home/mmd/projects/flutter/Farahosh/lib/app/presentation/modules/widgets/chart.dart", "Dart", 181, 0, 0, 0, 0, 0, 0, 0, 0, 0, 0, 30, 14, 225
"/home/mmd/projects/flutter/Farahosh/lib/app/presentation/modules/widgets/chart/chart_Circular.dart", "Dart", 99, 0, 0, 0, 0, 0, 0, 0, 0, 0, 0, 0, 4, 103
"/home/mmd/projects/flutter/Farahosh/lib/app/presentation/modules/widgets/chart/circular.dart", "Dart", 166, 0, 0, 0, 0, 0, 0, 0, 0, 0, 0, 0, 8, 174
"/home/mmd/projects/flutter/Farahosh/lib/app/presentation/modules/widgets/chart/homeworkPositionChart.dart", "Dart", 78, 0, 0, 0, 0, 0, 0, 0, 0, 0, 0, 1, 1, 80
"/home/mmd/projects/flutter/Farahosh/lib/app/presentation/modules/widgets/colors.dart", "Dart", 1, 0, 0, 0, 0, 0, 0, 0, 0, 0, 0, 0, 5, 6
"/home/mmd/projects/flutter/Farahosh/lib/app/presentation/modules/widgets/containercustome.dart", "Dart", 60, 0, 0, 0, 0, 0, 0, 0, 0, 0, 0, 0, 3, 63
"/home/mmd/projects/flutter/Farahosh/lib/app/presentation/modules/widgets/dashpoint.dart", "Dart", 131, 0, 0, 0, 0, 0, 0, 0, 0, 0, 0, 5, 15, 151
"/home/mmd/projects/flutter/Farahosh/lib/app/presentation/modules/widgets/dottedborder.dart", "Dart", 63, 0, 0, 0, 0, 0, 0, 0, 0, 0, 0, 5, 5, 73
"/home/mmd/projects/flutter/Farahosh/lib/app/presentation/modules/widgets/dropdownButton.dart", "Dart", 34, 0, 0, 0, 0, 0, 0, 0, 0, 0, 0, 1, 2, 37
"/home/mmd/projects/flutter/Farahosh/lib/app/presentation/modules/widgets/getcalendar.dart", "Dart", 63, 0, 0, 0, 0, 0, 0, 0, 0, 0, 0, 3, 8, 74
"/home/mmd/projects/flutter/Farahosh/lib/app/presentation/modules/widgets/homework/questionHomeworkText.dart", "Dart", 89, 0, 0, 0, 0, 0, 0, 0, 0, 0, 0, 1, 5, 95
"/home/mmd/projects/flutter/Farahosh/lib/app/presentation/modules/widgets/linePath.dart", "Dart", 121, 0, 0, 0, 0, 0, 0, 0, 0, 0, 0, 6, 28, 155
"/home/mmd/projects/flutter/Farahosh/lib/app/presentation/modules/widgets/linearProgress.dart", "Dart", 28, 0, 0, 0, 0, 0, 0, 0, 0, 0, 0, 1, 2, 31
"/home/mmd/projects/flutter/Farahosh/lib/app/presentation/modules/widgets/list/partOfListWidget.dart", "Dart", 93, 0, 0, 0, 0, 0, 0, 0, 0, 0, 0, 2, 5, 100
"/home/mmd/projects/flutter/Farahosh/lib/app/presentation/modules/widgets/navbar/navbar.dart", "Dart", 234, 0, 0, 0, 0, 0, 0, 0, 0, 0, 0, 3, 7, 244
"/home/mmd/projects/flutter/Farahosh/lib/app/presentation/modules/widgets/popuppage.dart", "Dart", 45, 0, 0, 0, 0, 0, 0, 0, 0, 0, 0, 0, 6, 51
"/home/mmd/projects/flutter/Farahosh/lib/app/presentation/modules/widgets/ratingstar.dart", "Dart", 24, 0, 0, 0, 0, 0, 0, 0, 0, 0, 0, 26, 6, 56
"/home/mmd/projects/flutter/Farahosh/lib/app/presentation/modules/widgets/scaffoldcustom.dart", "Dart", 40, 0, 0, 0, 0, 0, 0, 0, 0, 0, 0, 0, 2, 42
"/home/mmd/projects/flutter/Farahosh/lib/app/presentation/modules/widgets/scaffoldnotappbar.dart", "Dart", 22, 0, 0, 0, 0, 0, 0, 0, 0, 0, 0, 0, 2, 24
"/home/mmd/projects/flutter/Farahosh/lib/app/presentation/modules/widgets/text.dart", "Dart", 11, 0, 0, 0, 0, 0, 0, 0, 0, 0, 0, 0, 1, 12
"/home/mmd/projects/flutter/Farahosh/lib/app/presentation/modules/widgets/textField/TextFieldwidget.dart", "Dart", 72, 0, 0, 0, 0, 0, 0, 0, 0, 0, 0, 1, 5, 78
"/home/mmd/projects/flutter/Farahosh/lib/app/presentation/modules/widgets/textField/searchTextField.dart", "Dart", 26, 0, 0, 0, 0, 0, 0, 0, 0, 0, 0, 0, 3, 29
"/home/mmd/projects/flutter/Farahosh/lib/app/presentation/router/const.dart", "Dart", 5, 0, 0, 0, 0, 0, 0, 0, 0, 0, 0, 1, 1, 7
"/home/mmd/projects/flutter/Farahosh/lib/app/presentation/router/extension.dart", "Dart", 4, 0, 0, 0, 0, 0, 0, 0, 0, 0, 0, 1, 1, 6
"/home/mmd/projects/flutter/Farahosh/lib/app/presentation/router/packages.dart", "Dart", 4, 0, 0, 0, 0, 0, 0, 0, 0, 0, 0, 2, 1, 7
"/home/mmd/projects/flutter/Farahosh/lib/app/presentation/router/screens.dart", "Dart", 91, 0, 0, 0, 0, 0, 0, 0, 0, 0, 0, 172, 87, 350
"/home/mmd/projects/flutter/Farahosh/lib/app/presentation/router/widgets.dart", "Dart", 9, 0, 0, 0, 0, 0, 0, 0, 0, 0, 0, 1, 0, 10
"/home/mmd/projects/flutter/Farahosh/lib/app/presentation/screens/School_handout/School_handout_page1.dart", "Dart", 94, 0, 0, 0, 0, 0, 0, 0, 0, 0, 0, 1, 3, 98
"/home/mmd/projects/flutter/Farahosh/lib/app/presentation/screens/School_handout/school_handout_page2.dart", "Dart", 25, 0, 0, 0, 0, 0, 0, 0, 0, 0, 0, 1, 3, 29
"/home/mmd/projects/flutter/Farahosh/lib/app/presentation/screens/School_handout/school_handout_page3.dart", "Dart", 46, 0, 0, 0, 0, 0, 0, 0, 0, 0, 0, 0, 3, 49
"/home/mmd/projects/flutter/Farahosh/lib/app/presentation/screens/Weeklyschedule/charge/getcharge.dart", "Dart", 103, 0, 0, 0, 0, 0, 0, 0, 0, 0, 0, 1, 2, 106
"/home/mmd/projects/flutter/Farahosh/lib/app/presentation/screens/Weeklyschedule/consultant_Suggesiton/consultant_Suggesiton.dart", "Dart", 104, 0, 0, 0, 0, 0, 0, 0, 0, 0, 0, 0, 3, 107
"/home/mmd/projects/flutter/Farahosh/lib/app/presentation/screens/Weeklyschedule/consultant_Suggesiton_past/consultant_Suggesiton_past.dart", "Dart", 157, 0, 0, 0, 0, 0, 0, 0, 0, 0, 0, 1, 10, 168
"/home/mmd/projects/flutter/Farahosh/lib/app/presentation/screens/Weeklyschedule/farahooshSuggestion/farahooshSuggestion.dart", "Dart", 104, 0, 0, 0, 0, 0, 0, 0, 0, 0, 0, 0, 3, 107
"/home/mmd/projects/flutter/Farahosh/lib/app/presentation/screens/Weeklyschedule/farahooshSuggestion_past/farahooshSuggestion_past.dart", "Dart", 159, 0, 0, 0, 0, 0, 0, 0, 0, 0, 0, 1, 11, 171
"/home/mmd/projects/flutter/Farahosh/lib/app/presentation/screens/Weeklyschedule/myschedule/myschedule.dart", "Dart", 94, 0, 0, 0, 0, 0, 0, 0, 0, 0, 0, 0, 2, 96
"/home/mmd/projects/flutter/Farahosh/lib/app/presentation/screens/Weeklyschedule/myschedutr_past/myschedutr_past.dart", "Dart", 129, 0, 0, 0, 0, 0, 0, 0, 0, 0, 0, 1, 6, 136
"/home/mmd/projects/flutter/Farahosh/lib/app/presentation/screens/Weeklyschedule/weeklyschedule.dart", "Dart", 87, 0, 0, 0, 0, 0, 0, 0, 0, 0, 0, 1, 3, 91
"/home/mmd/projects/flutter/Farahosh/lib/app/presentation/screens/calculator/calculator_page.dart", "Dart", 256, 0, 0, 0, 0, 0, 0, 0, 0, 0, 0, 0, 4, 260
"/home/mmd/projects/flutter/Farahosh/lib/app/presentation/screens/calculator/plusMinus_calculator.dart", "Dart", 184, 0, 0, 0, 0, 0, 0, 0, 0, 0, 0, 6, 3, 193
"/home/mmd/projects/flutter/Farahosh/lib/app/presentation/screens/calculator/radikalPi_calculator.dart", "Dart", 205, 0, 0, 0, 0, 0, 0, 0, 0, 0, 0, 6, 3, 214
"/home/mmd/projects/flutter/Farahosh/lib/app/presentation/screens/calculator/variable_calculator.dart", "Dart", 426, 0, 0, 0, 0, 0, 0, 0, 0, 0, 0, 6, 10, 442
"/home/mmd/projects/flutter/Farahosh/lib/app/presentation/screens/chronometr/chronometr_page.dart", "Dart", 172, 0, 0, 0, 0, 0, 0, 0, 0, 0, 0, 2, 6, 180
"/home/mmd/projects/flutter/Farahosh/lib/app/presentation/screens/consultant/consultant_chat.dart", "Dart", 68, 0, 0, 0, 0, 0, 0, 0, 0, 0, 0, 2, 4, 74
"/home/mmd/projects/flutter/Farahosh/lib/app/presentation/screens/consultant/consultant_finished.dart", "Dart", 189, 0, 0, 0, 0, 0, 0, 0, 0, 0, 0, 1, 5, 195
"/home/mmd/projects/flutter/Farahosh/lib/app/presentation/screens/consultant/consultant_page1/consultant_page1.dart", "Dart", 182, 0, 0, 0, 0, 0, 0, 0, 0, 0, 0, 6, 3, 191
"/home/mmd/projects/flutter/Farahosh/lib/app/presentation/screens/consultant/consultant_page2/consultant_page2.dart", "Dart", 261, 0, 0, 0, 0, 0, 0, 0, 0, 0, 0, 4, 3, 268
"/home/mmd/projects/flutter/Farahosh/lib/app/presentation/screens/consultant/consultant_page3.dart", "Dart", 246, 0, 0, 0, 0, 0, 0, 0, 0, 0, 0, 7, 6, 259
"/home/mmd/projects/flutter/Farahosh/lib/app/presentation/screens/consultant/finished/afterRate/consultant_finished_afterrate.dart", "Dart", 220, 0, 0, 0, 0, 0, 0, 0, 0, 0, 0, 3, 5, 228
"/home/mmd/projects/flutter/Farahosh/lib/app/presentation/screens/consultant/finished/consultantFinishedPage.dart", "Dart", 274, 0, 0, 0, 0, 0, 0, 0, 0, 0, 0, 3, 6, 283
"/home/mmd/projects/flutter/Farahosh/lib/app/presentation/screens/consultant/reserved/consultant_page4.dart", "Dart", 71, 0, 0, 0, 0, 0, 0, 0, 0, 0, 0, 1, 3, 75
"/home/mmd/projects/flutter/Farahosh/lib/app/presentation/screens/derivative/derivative_page.dart", "Dart", 134, 0, 0, 0, 0, 0, 0, 0, 0, 0, 0, 7, 8, 149
"/home/mmd/projects/flutter/Farahosh/lib/app/presentation/screens/derivative/plusMinusDerivative.dart", "Dart", 213, 0, 0, 0, 0, 0, 0, 0, 0, 0, 0, 5, 4, 222
"/home/mmd/projects/flutter/Farahosh/lib/app/presentation/screens/derivative/showDerivativeBottomSheet.dart", "Dart", 120, 0, 0, 0, 0, 0, 0, 0, 0, 0, 0, 12, 2, 134
"/home/mmd/projects/flutter/Farahosh/lib/app/presentation/screens/derivative/variableDerivative.dart", "Dart", 455, 0, 0, 0, 0, 0, 0, 0, 0, 0, 0, 6, 8, 469
"/home/mmd/projects/flutter/Farahosh/lib/app/presentation/screens/examcalender/examcalender.dart", "Dart", 90, 0, 0, 0, 0, 0, 0, 0, 0, 0, 0, 0, 8, 98
"/home/mmd/projects/flutter/Farahosh/lib/app/presentation/screens/gambegam/gambegam_page1.dart", "Dart", 150, 0, 0, 0, 0, 0, 0, 0, 0, 0, 0, 2, 13, 165
"/home/mmd/projects/flutter/Farahosh/lib/app/presentation/screens/invitation/getcode/getcodescreen.dart", "Dart", 113, 0, 0, 0, 0, 0, 0, 0, 0, 0, 0, 1, 6, 120
"/home/mmd/projects/flutter/Farahosh/lib/app/presentation/screens/invitation/invitation.dart", "Dart", 104, 0, 0, 0, 0, 0, 0, 0, 0, 0, 0, 1, 4, 109
"/home/mmd/projects/flutter/Farahosh/lib/app/presentation/screens/leinter/leinter1/leinter1.dart", "Dart", 113, 0, 0, 0, 0, 0, 0, 0, 0, 0, 0, 6, 5, 124
"/home/mmd/projects/flutter/Farahosh/lib/app/presentation/screens/leinter/leinter1/showLeinter1BottomSheet.dart", "Dart", 83, 0, 0, 0, 0, 0, 0, 0, 0, 0, 0, 1, 3, 87
"/home/mmd/projects/flutter/Farahosh/lib/app/presentation/screens/leinter/leinter2/leinter2_page.dart", "Dart", 196, 0, 0, 0, 0, 0, 0, 0, 0, 0, 0, 10, 12, 218
"/home/mmd/projects/flutter/Farahosh/lib/app/presentation/screens/leinter/leinter2/showLeinter2BottomSheet.dart", "Dart", 129, 0, 0, 0, 0, 0, 0, 0, 0, 0, 0, 3, 5, 137
"/home/mmd/projects/flutter/Farahosh/lib/app/presentation/screens/leinter/leinter3/leinter3_page.dart", "Dart", 156, 0, 0, 0, 0, 0, 0, 0, 0, 0, 0, 6, 12, 174
"/home/mmd/projects/flutter/Farahosh/lib/app/presentation/screens/login/login.dart", "Dart", 221, 0, 0, 0, 0, 0, 0, 0, 0, 0, 0, 2, 4, 227
"/home/mmd/projects/flutter/Farahosh/lib/app/presentation/screens/main/home.dart", "Dart", 204, 0, 0, 0, 0, 0, 0, 0, 0, 0, 0, 6, 8, 218
"/home/mmd/projects/flutter/Farahosh/lib/app/presentation/screens/main/main_page.dart", "Dart", 188, 0, 0, 0, 0, 0, 0, 0, 0, 0, 0, 4, 7, 199
"/home/mmd/projects/flutter/Farahosh/lib/app/presentation/screens/matrix/matrix.dart", "Dart", 160, 0, 0, 0, 0, 0, 0, 0, 0, 0, 0, 0, 3, 163
"/home/mmd/projects/flutter/Farahosh/lib/app/presentation/screens/messenger/messenger.dart", "Dart", 139, 0, 0, 0, 0, 0, 0, 0, 0, 0, 0, 9, 4, 152
"/home/mmd/projects/flutter/Farahosh/lib/app/presentation/screens/newdictionary/newdictionaryscreen.dart", "Dart", 56, 0, 0, 0, 0, 0, 0, 0, 0, 0, 0, 1, 6, 63
"/home/mmd/projects/flutter/Farahosh/lib/app/presentation/screens/onBoarding/onBoarding_1/onBoarding.dart", "Dart", 102, 0, 0, 0, 0, 0, 0, 0, 0, 0, 0, 0, 3, 105
"/home/mmd/projects/flutter/Farahosh/lib/app/presentation/screens/onBoarding/onBoarding_2/onBoarding2.dart", "Dart", 95, 0, 0, 0, 0, 0, 0, 0, 0, 0, 0, 0, 8, 103
"/home/mmd/projects/flutter/Farahosh/lib/app/presentation/screens/onBoarding/onBoarding_3/onBoarding3.dart", "Dart", 95, 0, 0, 0, 0, 0, 0, 0, 0, 0, 0, 0, 8, 103
"/home/mmd/projects/flutter/Farahosh/lib/app/presentation/screens/onBoarding/onBoarding_4/onBoarding4.dart", "Dart", 101, 0, 0, 0, 0, 0, 0, 0, 0, 0, 0, 0, 4, 105
"/home/mmd/projects/flutter/Farahosh/lib/app/presentation/screens/percent/percentPage.dart", "Dart", 430, 0, 0, 0, 0, 0, 0, 0, 0, 0, 0, 8, 20, 458
"/home/mmd/projects/flutter/Farahosh/lib/app/presentation/screens/picsgallery/picsgallery.dart", "Dart", 191, 0, 0, 0, 0, 0, 0, 0, 0, 0, 0, 4, 5, 200
"/home/mmd/projects/flutter/Farahosh/lib/app/presentation/screens/picsgallery/picsgallery2.dart", "Dart", 164, 0, 0, 0, 0, 0, 0, 0, 0, 0, 0, 3, 7, 174
"/home/mmd/projects/flutter/Farahosh/lib/app/presentation/screens/planner/planner_page1/planner_page.dart", "Dart", 90, 0, 0, 0, 0, 0, 0, 0, 0, 0, 0, 1, 5, 96
"/home/mmd/projects/flutter/Farahosh/lib/app/presentation/screens/planner/planner_page3/planner_page3.dart", "Dart", 104, 0, 0, 0, 0, 0, 0, 0, 0, 0, 0, 2, 4, 110
"/home/mmd/projects/flutter/Farahosh/lib/app/presentation/screens/planner/planner_page4/planner_page4.dart", "Dart", 157, 0, 0, 0, 0, 0, 0, 0, 0, 0, 0, 0, 6, 163
"/home/mmd/projects/flutter/Farahosh/lib/app/presentation/screens/planner/planner_page5/planner_page5.dart", "Dart", 107, 0, 0, 0, 0, 0, 0, 0, 0, 0, 0, 1, 5, 113
"/home/mmd/projects/flutter/Farahosh/lib/app/presentation/screens/podcast/podcast_1/podcast_page1.dart", "Dart", 254, 0, 0, 0, 0, 0, 0, 0, 0, 0, 0, 0, 9, 263
"/home/mmd/projects/flutter/Farahosh/lib/app/presentation/screens/podcast/podcast_2/podcast_page2.dart", "Dart", 145, 0, 0, 0, 0, 0, 0, 0, 0, 0, 0, 1, 6, 152
"/home/mmd/projects/flutter/Farahosh/lib/app/presentation/screens/podcast/podcast_3/podcast_page3.dart", "Dart", 107, 0, 0, 0, 0, 0, 0, 0, 0, 0, 0, 1, 5, 113
"/home/mmd/projects/flutter/Farahosh/lib/app/presentation/screens/podcast/podcast_4/podcast_page4.dart", "Dart", 145, 0, 0, 0, 0, 0, 0, 0, 0, 0, 0, 1, 6, 152
"/home/mmd/projects/flutter/Farahosh/lib/app/presentation/screens/podcast/podcast_5/podcast_page5.dart", "Dart", 473, 0, 0, 0, 0, 0, 0, 0, 0, 0, 0, 4, 8, 485
"/home/mmd/projects/flutter/Farahosh/lib/app/presentation/screens/podcast/utility.dart", "Dart", 57, 0, 0, 0, 0, 0, 0, 0, 0, 0, 0, 1, 6, 64
"/home/mmd/projects/flutter/Farahosh/lib/app/presentation/screens/presentation/router/packages.dart", "Dart", 0, 0, 0, 0, 0, 0, 0, 0, 0, 0, 0, 1, 0, 1
"/home/mmd/projects/flutter/Farahosh/lib/app/presentation/screens/profile/modules/const/routepage.dart", "Dart", 0, 0, 0, 0, 0, 0, 0, 0, 0, 0, 0, 1, 0, 1
"/home/mmd/projects/flutter/Farahosh/lib/app/presentation/screens/profile/modules/const/urlimages.dart", "Dart", 0, 0, 0, 0, 0, 0, 0, 0, 0, 0, 0, 1, 0, 1
"/home/mmd/projects/flutter/Farahosh/lib/app/presentation/screens/profile/modules/widgets/containercustome.dart", "Dart", 0, 0, 0, 0, 0, 0, 0, 0, 0, 0, 0, 1, 0, 1
"/home/mmd/projects/flutter/Farahosh/lib/app/presentation/screens/profile/profile_coin/profileCoinGuide_page/profileCoinGuide_page.dart", "Dart", 66, 0, 0, 0, 0, 0, 0, 0, 0, 0, 0, 7, 5, 78
"/home/mmd/projects/flutter/Farahosh/lib/app/presentation/screens/profile/profile_coin/profileCoin_Page3/profileCoin_Page3.dart", "Dart", 108, 0, 0, 0, 0, 0, 0, 0, 0, 0, 0, 0, 6, 114
"/home/mmd/projects/flutter/Farahosh/lib/app/presentation/screens/profile/profile_coin/profileCoin_page/profileCoin_page.dart", "Dart", 107, 0, 0, 0, 0, 0, 0, 0, 0, 0, 0, 0, 3, 110
"/home/mmd/projects/flutter/Farahosh/lib/app/presentation/screens/profile/profile_coin/profileCoin_page2/profileCoin_Page2.dart", "Dart", 146, 0, 0, 0, 0, 0, 0, 0, 0, 0, 0, 0, 6, 152
"/home/mmd/projects/flutter/Farahosh/lib/app/presentation/screens/profile/profile_coin/profileEduinfo_Page/profileEduinfo_Page.dart", "Dart", 145, 0, 0, 0, 0, 0, 0, 0, 0, 0, 0, 1, 7, 153
"/home/mmd/projects/flutter/Farahosh/lib/app/presentation/screens/profile/profile_coin/profileMain_page/profileMain_page.dart", "Dart", 128, 0, 0, 0, 0, 0, 0, 0, 0, 0, 0, 119, 18, 265
"/home/mmd/projects/flutter/Farahosh/lib/app/presentation/screens/profile/profile_coin/profilePcychoinfoNewtest_Page/profilePcychoinfoNewtest_Page.dart", "Dart", 233, 0, 0, 0, 0, 0, 0, 0, 0, 0, 0, 3, 5, 241
"/home/mmd/projects/flutter/Farahosh/lib/app/presentation/screens/profile/profile_coin/profilePcychoinfoPretest_Page/profilePcychoinfoPretest_Page.dart", "Dart", 243, 0, 0, 0, 0, 0, 0, 0, 0, 0, 0, 2, 9, 254
"/home/mmd/projects/flutter/Farahosh/lib/app/presentation/screens/profile/profile_coin/profilePcychoinfo_Page/profilePcychoinfo_Page.dart", "Dart", 137, 0, 0, 0, 0, 0, 0, 0, 0, 0, 0, 1, 5, 143
"/home/mmd/projects/flutter/Farahosh/lib/app/presentation/screens/profile/profilescreen.dart", "Dart", 0, 0, 0, 0, 0, 0, 0, 0, 0, 0, 0, 1, 0, 1
"/home/mmd/projects/flutter/Farahosh/lib/app/presentation/screens/profile/router/extension.dart", "Dart", 0, 0, 0, 0, 0, 0, 0, 0, 0, 0, 0, 1, 0, 1
"/home/mmd/projects/flutter/Farahosh/lib/app/presentation/screens/profilescreen.dart", "Dart", 121, 0, 0, 0, 0, 0, 0, 0, 0, 0, 0, 4, 3, 128
"/home/mmd/projects/flutter/Farahosh/lib/app/presentation/screens/questionSolving/List/list.dart", "Dart", 88, 0, 0, 0, 0, 0, 0, 0, 0, 0, 0, 1, 5, 94
"/home/mmd/projects/flutter/Farahosh/lib/app/presentation/screens/questionSolving/NewQuestion/newQuestion.dart", "Dart", 241, 0, 0, 0, 0, 0, 0, 0, 0, 0, 0, 7, 10, 258
"/home/mmd/projects/flutter/Farahosh/lib/app/presentation/screens/questionSolving/Solved/solved.dart", "Dart", 324, 0, 0, 0, 0, 0, 0, 0, 0, 0, 0, 8, 19, 351
"/home/mmd/projects/flutter/Farahosh/lib/app/presentation/screens/questionSolving/questionSolvingPage.dart", "Dart", 101, 0, 0, 0, 0, 0, 0, 0, 0, 0, 0, 1, 4, 106
"/home/mmd/projects/flutter/Farahosh/lib/app/presentation/screens/receipt/dialog/reciverscreen.dart", "Dart", 22, 0, 0, 0, 0, 0, 0, 0, 0, 0, 0, 0, 4, 26
"/home/mmd/projects/flutter/Farahosh/lib/app/presentation/screens/receipt/receiptscreen.dart", "Dart", 73, 0, 0, 0, 0, 0, 0, 0, 0, 0, 0, 0, 6, 79
"/home/mmd/projects/flutter/Farahosh/lib/app/presentation/screens/school/about/school_about.dart", "Dart", 204, 0, 0, 0, 0, 0, 0, 0, 0, 0, 0, 5, 6, 215
"/home/mmd/projects/flutter/Farahosh/lib/app/presentation/screens/school/classbook/classroomOffice/classbook1.dart", "Dart", 149, 0, 0, 0, 0, 0, 0, 0, 0, 0, 0, 1, 7, 157
"/home/mmd/projects/flutter/Farahosh/lib/app/presentation/screens/school/classbook/discipline/classbook2.dart", "Dart", 45, 0, 0, 0, 0, 0, 0, 0, 0, 0, 0, 0, 2, 47
"/home/mmd/projects/flutter/Farahosh/lib/app/presentation/screens/school/error/schoolError.dart", "Dart", 245, 0, 0, 0, 0, 0, 0, 0, 0, 0, 0, 2, 5, 252
"/home/mmd/projects/flutter/Farahosh/lib/app/presentation/screens/school/handout/handout.dart", "Dart", 130, 0, 0, 0, 0, 0, 0, 0, 0, 0, 0, 1, 5, 136
"/home/mmd/projects/flutter/Farahosh/lib/app/presentation/screens/school/handout/handout_2.dart", "Dart", 91, 0, 0, 0, 0, 0, 0, 0, 0, 0, 0, 1, 3, 95
"/home/mmd/projects/flutter/Farahosh/lib/app/presentation/screens/school/handout/handout_3.dart", "Dart", 90, 0, 0, 0, 0, 0, 0, 0, 0, 0, 0, 1, 6, 97
"/home/mmd/projects/flutter/Farahosh/lib/app/presentation/screens/school/homework/chart/schoolHomeworkChartPage.dart", "Dart", 80, 0, 0, 0, 0, 0, 0, 0, 0, 0, 0, 1, 6, 87
"/home/mmd/projects/flutter/Farahosh/lib/app/presentation/screens/school/homework/text/schoolHomeworksText.dart", "Dart", 208, 0, 0, 0, 0, 0, 0, 0, 0, 0, 0, 0, 2, 210
"/home/mmd/projects/flutter/Farahosh/lib/app/presentation/screens/school/music/music.dart", "Dart", 80, 0, 0, 0, 0, 0, 0, 0, 0, 0, 0, 1, 9, 90
"/home/mmd/projects/flutter/Farahosh/lib/app/presentation/screens/school/music/music/musicLists.dart", "Dart", 67, 0, 0, 0, 0, 0, 0, 0, 0, 0, 0, 1, 6, 74
"/home/mmd/projects/flutter/Farahosh/lib/app/presentation/screens/school/music/music/musicPlay.dart", "Dart", 467, 0, 0, 0, 0, 0, 0, 0, 0, 0, 0, 3, 6, 476
"/home/mmd/projects/flutter/Farahosh/lib/app/presentation/screens/school/music/voice/voiceLists.dart", "Dart", 66, 0, 0, 0, 0, 0, 0, 0, 0, 0, 0, 1, 6, 73
"/home/mmd/projects/flutter/Farahosh/lib/app/presentation/screens/school/music/voice/voicePlay.dart", "Dart", 317, 0, 0, 0, 0, 0, 0, 0, 0, 0, 0, 4, 16, 337
"/home/mmd/projects/flutter/Farahosh/lib/app/presentation/screens/school/notificationns/notifications.dart", "Dart", 46, 0, 0, 0, 0, 0, 0, 0, 0, 0, 0, 0, 4, 50
"/home/mmd/projects/flutter/Farahosh/lib/app/presentation/screens/school/reportCard/reportcard.dart", "Dart", 148, 0, 0, 0, 0, 0, 0, 0, 0, 0, 0, 0, 5, 153
"/home/mmd/projects/flutter/Farahosh/lib/app/presentation/screens/school/school_page.dart", "Dart", 315, 0, 0, 0, 0, 0, 0, 0, 0, 0, 0, 10, 5, 330
"/home/mmd/projects/flutter/Farahosh/lib/app/presentation/screens/school/score/scores.dart", "Dart", 214, 0, 0, 0, 0, 0, 0, 0, 0, 0, 0, 4, 6, 224
"/home/mmd/projects/flutter/Farahosh/lib/app/presentation/screens/school/sessions/sessions.dart", "Dart", 323, 0, 0, 0, 0, 0, 0, 0, 0, 0, 0, 9, 10, 342
"/home/mmd/projects/flutter/Farahosh/lib/app/presentation/screens/school/survey/survey_1.dart", "Dart", 86, 0, 0, 0, 0, 0, 0, 0, 0, 0, 0, 1, 5, 92
"/home/mmd/projects/flutter/Farahosh/lib/app/presentation/screens/school/survey/survey_2.dart", "Dart", 223, 0, 0, 0, 0, 0, 0, 0, 0, 0, 0, 2, 4, 229
"/home/mmd/projects/flutter/Farahosh/lib/app/presentation/screens/school/test/done/testDone_1.dart", "Dart", 83, 0, 0, 0, 0, 0, 0, 0, 0, 0, 0, 1, 9, 93
"/home/mmd/projects/flutter/Farahosh/lib/app/presentation/screens/school/test/done/testDone_2.dart", "Dart", 76, 0, 0, 0, 0, 0, 0, 0, 0, 0, 0, 1, 6, 83
"/home/mmd/projects/flutter/Farahosh/lib/app/presentation/screens/school/test/done/testDone_3.dart", "Dart", 141, 0, 0, 0, 0, 0, 0, 0, 0, 0, 0, 1, 7, 149
"/home/mmd/projects/flutter/Farahosh/lib/app/presentation/screens/school/test/q/testQ_1.dart", "Dart", 76, 0, 0, 0, 0, 0, 0, 0, 0, 0, 0, 1, 6, 83
"/home/mmd/projects/flutter/Farahosh/lib/app/presentation/screens/school/test/q/testQ_2.dart", "Dart", 95, 0, 0, 0, 0, 0, 0, 0, 0, 0, 0, 1, 9, 105
"/home/mmd/projects/flutter/Farahosh/lib/app/presentation/screens/school/test/q/testQ_3.dart", "Dart", 95, 0, 0, 0, 0, 0, 0, 0, 0, 0, 0, 1, 9, 105
"/home/mmd/projects/flutter/Farahosh/lib/app/presentation/screens/school/test/test.dart", "Dart", 163, 0, 0, 0, 0, 0, 0, 0, 0, 0, 0, 1, 5, 169
"/home/mmd/projects/flutter/Farahosh/lib/app/presentation/screens/search/search_page.dart", "Dart", 23, 0, 0, 0, 0, 0, 0, 0, 0, 0, 0, 0, 3, 26
"/home/mmd/projects/flutter/Farahosh/lib/app/presentation/screens/setting/changepassword/changepaswordscreen.dart", "Dart", 88, 0, 0, 0, 0, 0, 0, 0, 0, 0, 0, 49, 14, 151
"/home/mmd/projects/flutter/Farahosh/lib/app/presentation/screens/setting/changepassword/settingFingerPrint2Screen.dart", "Dart", 99, 0, 0, 0, 0, 0, 0, 0, 0, 0, 0, 92, 10, 201
"/home/mmd/projects/flutter/Farahosh/lib/app/presentation/screens/setting/changepassword/settingFingerPrintScreen.dart", "Dart", 113, 0, 0, 0, 0, 0, 0, 0, 0, 0, 0, 0, 7, 120
"/home/mmd/projects/flutter/Farahosh/lib/app/presentation/screens/setting/fingerprint_dialog/bottom_sheet.dart", "Dart", 123, 0, 0, 0, 0, 0, 0, 0, 0, 0, 0, 0, 2, 125
"/home/mmd/projects/flutter/Farahosh/lib/app/presentation/screens/setting/settingscreen.dart", "Dart", 163, 0, 0, 0, 0, 0, 0, 0, 0, 0, 0, 2, 3, 168
"/home/mmd/projects/flutter/Farahosh/lib/app/presentation/screens/signup/signup.dart", "Dart", 208, 0, 0, 0, 0, 0, 0, 0, 0, 0, 0, 5, 7, 220
"/home/mmd/projects/flutter/Farahosh/lib/app/presentation/screens/signup/signup_ fingerprint.dart", "Dart", 238, 0, 0, 0, 0, 0, 0, 0, 0, 0, 0, 2, 5, 245
"/home/mmd/projects/flutter/Farahosh/lib/app/presentation/screens/signup/signup_ receiveCode.dart", "Dart", 317, 0, 0, 0, 0, 0, 0, 0, 0, 0, 0, 2, 4, 323
"/home/mmd/projects/flutter/Farahosh/lib/app/presentation/screens/splash/splash_screen.dart", "Dart", 28, 0, 0, 0, 0, 0, 0, 0, 0, 0, 0, 1, 3, 32
"/home/mmd/projects/flutter/Farahosh/lib/app/presentation/screens/stopwatch.dart", "Dart", 209, 0, 0, 0, 0, 0, 0, 0, 0, 0, 0, 3, 11, 223
"/home/mmd/projects/flutter/Farahosh/lib/app/presentation/screens/testanalysis/testAnalysis/testanalysis.dart", "Dart", 256, 0, 0, 0, 0, 0, 0, 0, 0, 0, 0, 0, 13, 269
"/home/mmd/projects/flutter/Farahosh/lib/app/presentation/screens/testanalysis/testanalysis_page3.dart", "Dart", 174, 0, 0, 0, 0, 0, 0, 0, 0, 0, 0, 0, 3, 177
"/home/mmd/projects/flutter/Farahosh/lib/app/presentation/screens/testanalysis/viewReportCard/viewreportcard.dart", "Dart", 80, 0, 0, 0, 0, 0, 0, 0, 0, 0, 0, 1, 4, 85
"/home/mmd/projects/flutter/Farahosh/lib/app/presentation/screens/tickeight/tickeight..dart", "Dart", 203, 0, 0, 0, 0, 0, 0, 0, 0, 0, 0, 1, 11, 215
"/home/mmd/projects/flutter/Farahosh/lib/app/presentation/screens/tickeight/wordPage1.dart", "Dart", 125, 0, 0, 0, 0, 0, 0, 0, 0, 0, 0, 1, 4, 130
"/home/mmd/projects/flutter/Farahosh/lib/app/presentation/screens/ticket/ticket_1/ticket.dart", "Dart", 107, 0, 0, 0, 0, 0, 0, 0, 0, 0, 0, 0, 3, 110
"/home/mmd/projects/flutter/Farahosh/lib/app/presentation/screens/ticket/tiket_2/newticket.dart", "Dart", 248, 0, 0, 0, 0, 0, 0, 0, 0, 0, 0, 2, 4, 254
"/home/mmd/projects/flutter/Farahosh/lib/app/presentation/screens/ticket/tiket_3/ticketsent.dart", "Dart", 302, 0, 0, 0, 0, 0, 0, 0, 0, 0, 0, 5, 9, 316
"/home/mmd/projects/flutter/Farahosh/lib/app/presentation/screens/ticket/tiket_4/ticketagain.dart", "Dart", 369, 0, 0, 0, 0, 0, 0, 0, 0, 0, 0, 6, 10, 385
"/home/mmd/projects/flutter/Farahosh/lib/app/presentation/screens/tickit/createcart/createcartscreen.dart", "Dart", 123, 0, 0, 0, 0, 0, 0, 0, 0, 0, 0, 1, 7, 131
"/home/mmd/projects/flutter/Farahosh/lib/app/presentation/screens/tickit/tickitscreen.dart", "Dart", 113, 0, 0, 0, 0, 0, 0, 0, 0, 0, 0, 6, 6, 125
"/home/mmd/projects/flutter/Farahosh/lib/app/presentation/screens/tools/tools_page.dart", "Dart", 226, 0, 0, 0, 0, 0, 0, 0, 0, 0, 0, 5, 5, 236
"/home/mmd/projects/flutter/Farahosh/lib/app/presentation/screens/wallet/walletscreen.dart", "Dart", 56, 0, 0, 0, 0, 0, 0, 0, 0, 0, 0, 2, 3, 61
"/home/mmd/projects/flutter/Farahosh/lib/app/presentation/screens/weekly/tools.dart", "Dart", 174, 0, 0, 0, 0, 0, 0, 0, 0, 0, 0, 7, 8, 189
"/home/mmd/projects/flutter/Farahosh/lib/app/presentation/screens/word/createword.dart", "Dart", 139, 0, 0, 0, 0, 0, 0, 0, 0, 0, 0, 0, 9, 148
"/home/mmd/projects/flutter/Farahosh/lib/app/presentation/screens/word/word.dart", "Dart", 146, 0, 0, 0, 0, 0, 0, 0, 0, 0, 0, 0, 9, 155
"/home/mmd/projects/flutter/Farahosh/lib/app/presentation/screens/word/wordnote.dart", "Dart", 99, 0, 0, 0, 0, 0, 0, 0, 0, 0, 0, 1, 3, 103
"/home/mmd/projects/flutter/Farahosh/lib/gen/assets.gen.dart", "Dart", 200, 0, 0, 0, 0, 0, 0, 0, 0, 0, 0, 102, 107, 409
"/home/mmd/projects/flutter/Farahosh/lib/main.dart", "Dart", 173, 0, 0, 0, 0, 0, 0, 0, 0, 0, 0, 7, 11, 191
"/home/mmd/projects/flutter/Farahosh/lib/model/transaction.dart", "Dart", 0, 0, 0, 0, 0, 0, 0, 0, 0, 0, 0, 0, 1, 1
"/home/mmd/projects/flutter/Farahosh/lib/widgets/custom_button.dart", "Dart", 0, 0, 0, 0, 0, 0, 0, 0, 0, 0, 0, 1, 0, 1
"/home/mmd/projects/flutter/Farahosh/linux/flutter/generated_plugin_registrant.cc", "C++", 0, 0, 0, 0, 0, 3, 0, 0, 0, 0, 0, 4, 5, 12
"/home/mmd/projects/flutter/Farahosh/linux/flutter/generated_plugin_registrant.h", "C++", 0, 0, 0, 0, 0, 5, 0, 0, 0, 0, 0, 5, 6, 16
"/home/mmd/projects/flutter/Farahosh/linux/main.cc", "C++", 0, 0, 0, 0, 0, 5, 0, 0, 0, 0, 0, 0, 2, 7
"/home/mmd/projects/flutter/Farahosh/linux/my_application.cc", "C++", 0, 0, 0, 0, 0, 74, 0, 0, 0, 0, 0, 11, 20, 105
"/home/mmd/projects/flutter/Farahosh/linux/my_application.h", "C++", 0, 0, 0, 0, 0, 7, 0, 0, 0, 0, 0, 7, 5, 19
"/home/mmd/projects/flutter/Farahosh/macos/Flutter/GeneratedPluginRegistrant.swift", "Swift", 0, 0, 0, 0, 8, 0, 0, 0, 0, 0, 0, 3, 4, 15
"/home/mmd/projects/flutter/Farahosh/macos/Runner/AppDelegate.swift", "Swift", 0, 0, 0, 0, 8, 0, 0, 0, 0, 0, 0, 0, 2, 10
"/home/mmd/projects/flutter/Farahosh/macos/Runner/Assets.xcassets/AppIcon.appiconset/Contents.json", "JSON", 0, 0, 0, 0, 0, 0, 68, 0, 0, 0, 0, 0, 1, 69
"/home/mmd/projects/flutter/Farahosh/macos/Runner/Base.lproj/MainMenu.xib", "XML", 0, 343, 0, 0, 0, 0, 0, 0, 0, 0, 0, 0, 1, 344
"/home/mmd/projects/flutter/Farahosh/macos/Runner/MainFlutterWindow.swift", "Swift", 0, 0, 0, 0, 12, 0, 0, 0, 0, 0, 0, 0, 4, 16
"/home/mmd/projects/flutter/Farahosh/pubspec.yaml", "YAML", 0, 0, 62, 0, 0, 0, 0, 0, 0, 0, 0, 54, 15, 131
"/home/mmd/projects/flutter/Farahosh/web/index.html", "HTML", 0, 0, 0, 0, 0, 0, 0, 0, 0, 0, 37, 16, 6, 59
"/home/mmd/projects/flutter/Farahosh/web/manifest.json", "JSON", 0, 0, 0, 0, 0, 0, 35, 0, 0, 0, 0, 0, 1, 36
"/home/mmd/projects/flutter/Farahosh/windows/flutter/generated_plugin_registrant.cc", "C++", 0, 0, 0, 0, 0, 9, 0, 0, 0, 0, 0, 4, 5, 18
"/home/mmd/projects/flutter/Farahosh/windows/flutter/generated_plugin_registrant.h", "C++", 0, 0, 0, 0, 0, 5, 0, 0, 0, 0, 0, 5, 6, 16
"/home/mmd/projects/flutter/Farahosh/windows/runner/flutter_window.cpp", "C++", 0, 0, 0, 0, 0, 45, 0, 0, 0, 0, 0, 4, 13, 62
"/home/mmd/projects/flutter/Farahosh/windows/runner/flutter_window.h", "C++", 0, 0, 0, 0, 0, 20, 0, 0, 0, 0, 0, 5, 9, 34
"/home/mmd/projects/flutter/Farahosh/windows/runner/main.cpp", "C++", 0, 0, 0, 0, 0, 30, 0, 0, 0, 0, 0, 4, 10, 44
"/home/mmd/projects/flutter/Farahosh/windows/runner/resource.h", "C++", 0, 0, 0, 0, 0, 9, 0, 0, 0, 0, 0, 6, 2, 17
"/home/mmd/projects/flutter/Farahosh/windows/runner/utils.cpp", "C++", 0, 0, 0, 0, 0, 53, 0, 0, 0, 0, 0, 2, 10, 65
"/home/mmd/projects/flutter/Farahosh/windows/runner/utils.h", "C++", 0, 0, 0, 0, 0, 8, 0, 0, 0, 0, 0, 6, 6, 20
"/home/mmd/projects/flutter/Farahosh/windows/runner/win32_window.cpp", "C++", 0, 0, 0, 0, 0, 183, 0, 0, 0, 0, 0, 15, 48, 246
"/home/mmd/projects/flutter/Farahosh/windows/runner/win32_window.h", "C++", 0, 0, 0, 0, 0, 48, 0, 0, 0, 0, 0, 29, 22, 99
"Total", "-", 26909, 1005, 65, 13, 40, 505, 248, 89, 8, 13, 37, 1307, 1950, 32189